<?xml version="1.0"?>
<doc>
    <assembly>
        <name>ClassLibraryTicketSystem</name>
    </assembly>
    <members>
        <member name="T:ClassLibraryTicketSystem.Car">
            <summary>
            Car is inheriting the Vehicle class, and overrides it with it's unique specifications. For more info and to understand this class better, check the Vehicle class
            </summary>
        </member>
        <member name="M:ClassLibraryTicketSystem.Car.#ctor">
            <summary>
            constructor 
            </summary>
        </member>
        <member name="M:ClassLibraryTicketSystem.Car.VehicleType">
            <summary>
            VehicleType is overriding the original method from Vehicle class
            </summary>
            <returns></returns>
        </member>
        <member name="T:ClassLibraryTicketSystem.MC">
            <summary>
            MC is inheriting the Vehicle class, and overrides it with it's unique specifications. For more info and to understand this class better, check the Vehicle class
            </summary>
        </member>
        <member name="M:ClassLibraryTicketSystem.MC.#ctor">
            <summary>
            constructor
            </summary>
        </member>
        <member name="M:ClassLibraryTicketSystem.MC.VehicleType">
            <summary>
            VehicleType is overriding the original method from Vehicle class
            </summary>
            <returns></returns>
        </member>
        <member name="T:ClassLibraryTicketSystem.Vehicle">
            <summary>
            Vehicle is a parent class, it's an abstract class
            </summary>
        </member>
        <member name="F:ClassLibraryTicketSystem.Vehicle._license">
            <summary>
            Vehicle Class Object with Licenseplate and Date Properties and Price and VehicleType methods
            </summary>
        </member>
        <member name="F:ClassLibraryTicketSystem.Vehicle.Brobizz">
            <summary>
            Value indicating if the Brobizz is used.
            Default false
            </summary>
        </member>
        <member name="M:ClassLibraryTicketSystem.Vehicle.#ctor">
            <summary>
            This is a constructor
            </summary>
        </member>
        <member name="P:ClassLibraryTicketSystem.Vehicle.DefaultPrice">
            <summary>
            Property which stores the default Price, before any discounts
            </summary>
        </member>
        <member name="P:ClassLibraryTicketSystem.Vehicle.Licenseplate">
            <summary>
            Property which stores the License plate number, string
            </summary>
        </member>
        <member name="P:ClassLibraryTicketSystem.Vehicle.Date">
            <summary>
            Property which stores a Date, type DateTime
            </summary>
        </member>
        <member name="M:ClassLibraryTicketSystem.Vehicle.Price">
            <summary>
            Method returning the price (double) of the Car, default 240. It's virtual because it can be override in kid classes
            </summary>
            <returns></returns>
        </member>
        <member name="M:ClassLibraryTicketSystem.Vehicle.VehicleType">
            <summary>
            Method returning the Vehicle Type (string), default "Car". Virtual because it can be override in kid classes
            </summary>
            <returns></returns>
        </member>
    </members>
</doc>
